{"nose": [93.2, 205.60000000000002], "eye_left": [75.6, 240.8], "eye_right": [84.39999999999999, 201.20000000000002], "ear_left": [88.8, 271.6], "ear_right": [93.2, 196.8], "shoulder_left": [168.0, 280.40000000000003], "shoulder_right": [168.0, 218.8], "elbow_left": [256.0, 315.6000000000001], "elbow_right": [251.60000000000002, 188.0], "wrist_left": [304.40000000000003, 254.00000000000003], "wrist_right": [308.80000000000007, 188.0], "hip_left": [361.6000000000001, 254.00000000000003], "hip_right": [357.20000000000005, 205.60000000000002], "knee_left": [533.2, 245.20000000000002], "knee_right": [480.40000000000003, 232.00000000000003], "ankle_left": [357.20000000000005, 271.6], "ankle_right": [533.2, 232.00000000000003]}