{"nose": [194.12187500000002, 252.77187500000002], "eye_left": [172.98125000000002, 299.28125], "eye_right": [177.20937500000002, 227.40312500000002], "ear_left": [202.57812500000003, 324.65000000000003], "ear_right": [185.66562500000003, 210.49062500000002], "shoulder_left": [312.509375, 350.01875], "shoulder_right": [287.140625, 231.63125000000002], "elbow_left": [409.75625, 316.19375], "elbow_right": [409.75625, 311.96562500000005], "wrist_left": [452.0375, 172.4375], "wrist_right": [392.84375, 185.12187500000002], "hip_left": [430.896875, 286.596875], "hip_right": [435.125, 265.45625], "knee_left": [439.35312500000003, 316.19375], "knee_right": [439.35312500000003, 303.50937500000003], "ankle_left": [460.49375000000003, 185.12187500000002], "ankle_right": [456.265625, 185.12187500000002]}